Date,Product,Quantity,Price,Discount,Region,Sales
01-01-2026,Headphones,8,3638,5,South,27570.32
02-01-2026,Monitor,4,13419,10,North,46962.29
03-01-2026,Monitor,2,12891,15,North,21532.81
04-01-2026,Monitor,1,10959,5,North,10247.02
05-01-2026,Monitor,9,10974,10,South,87747.94
06-01-2026,Tablet,7,17767,0,South,121599.03
07-01-2026,Monitor,3,11146,20,West,26268.38
08-01-2026,Headphones,7,4556,10,North,28451.63
09-01-2026,Laptop,4,55085,15,North,179546.81
10-01-2026,Headphones,6,3500,5,North,19738.66
11-01-2026,Headphones,2,2201,15,North,3639.87
12-01-2026,Headphones,9,4343,20,East,32384.64
13-01-2026,Monitor,2,11378,20,East,17469.32
14-01-2026,Headphones,9,3180,20,West,22291.14
15-01-2026,Laptop,7,56068,0,East,399968.03
16-01-2026,Tablet,1,16878,20,North,13135.11
17-01-2026,Phone,9,25682,0,East,224922.69
18-01-2026,Monitor,3,13231,10,South,35603.68
19-01-2026,Laptop,3,56160,10,West,147384.35
20-01-2026,Tablet,9,16706,5,North,146196.7
21-01-2026,Headphones,3,2863,0,East,9051.33
22-01-2026,Monitor,7,12778,20,South,72803.37
23-01-2026,Tablet,4,19072,10,South,69692.07
24-01-2026,Headphones,4,3981,10,East,14829.56
25-01-2026,Phone,7,24996,0,West,172913.76
26-01-2026,Headphones,9,3282,10,West,25417.01
27-01-2026,Monitor,1,11757,15,East,9945.1
28-01-2026,Laptop,4,54636,0,North,221193.09
29-01-2026,Headphones,7,3636,0,East,25530.15
30-01-2026,Phone,6,24354,20,East,115382.05
31-01-2026,Laptop,1,55161,5,West,52937.18
01-02-2026,Headphones,7,2202,10,West,13869.53
02-02-2026,Monitor,4,10697,10,South,37364.86
03-02-2026,Monitor,3,11159,15,South,27972.02
04-02-2026,Headphones,3,3369,10,South,9273.43
05-02-2026,Headphones,9,4976,5,East,40983.99
06-02-2026,Laptop,9,56020,5,South,505874.6
07-02-2026,Headphones,10,2623,0,East,26541.91
08-02-2026,Headphones,1,4049,0,East,4056.63
09-02-2026,Tablet,7,18556,0,South,131846.6
10-02-2026,Tablet,3,16903,0,East,51702.46
11-02-2026,Tablet,9,16598,0,West,154323.65
12-02-2026,Phone,2,26369,10,East,47457.28
13-02-2026,Headphones,8,3919,10,West,27892.32
14-02-2026,Laptop,3,53969,20,South,130600.76
15-02-2026,Phone,5,24297,0,East,124499.71
16-02-2026,Laptop,5,54315,10,East,244725.32
17-02-2026,Laptop,5,56065,10,East,251253.52
18-02-2026,Laptop,5,55827,20,West,237502.93
19-02-2026,Headphones,1,3139,20,West,2627.71
20-02-2026,Laptop,3,53627,5,West,157863.74
21-02-2026,Tablet,8,19233,5,East,144699.98
22-02-2026,Phone,10,24909,5,West,239828.48
23-02-2026,Phone,7,24037,10,North,159514.74
24-02-2026,Laptop,8,54024,15,North,361236.19
25-02-2026,Tablet,7,17666,15,North,104709.9
26-02-2026,Phone,7,25482,10,West,161258.21
27-02-2026,Laptop,4,54181,10,East,195876.13
28-02-2026,Monitor,1,12811,20,East,10417.77
01-03-2026,Headphones,6,2876,15,North,14108.38
02-03-2026,Tablet,7,19483,15,East,115976.51
03-03-2026,Tablet,1,16619,10,East,15155.46
04-03-2026,Phone,7,24869,20,North,136041.75
05-03-2026,Phone,10,24012,5,East,239482.99
06-03-2026,Laptop,8,54396,20,South,339908.66
07-03-2026,Monitor,7,10653,10,West,70986.96
08-03-2026,Laptop,5,54508,15,West,225217.05
09-03-2026,Monitor,7,12135,0,North,84793.31
10-03-2026,Monitor,7,12285,5,North,80616.76
11-03-2026,Phone,10,25989,0,East,260909.35
12-03-2026,Monitor,4,13339,5,West,51211.41
13-03-2026,Headphones,8,3931,5,South,30705.75
14-03-2026,Headphones,1,2956,10,South,2648.29
15-03-2026,Laptop,8,54566,15,West,377597.63
16-03-2026,Monitor,2,13046,5,South,25702.21
17-03-2026,Monitor,10,12125,5,South,110725.51
18-03-2026,Laptop,7,54325,20,North,312430.29
19-03-2026,Headphones,9,4808,15,North,37120.29
20-03-2026,Monitor,9,13467,10,West,107069.32
21-03-2026,Laptop,7,55643,20,East,315179.22
22-03-2026,Laptop,7,55048,0,South,400427.44
23-03-2026,Monitor,3,12724,15,East,32466.64
24-03-2026,Monitor,9,10575,0,South,95470.71
25-03-2026,Headphones,3,3390,20,West,8201.32
26-03-2026,Tablet,9,19495,10,West,161560.42
27-03-2026,Laptop,7,55656,20,North,317910.71
28-03-2026,Phone,7,25945,5,West,174213.97
29-03-2026,Tablet,2,17250,15,West,30798.84
30-03-2026,Phone,10,26039,0,West,258371.32
31-03-2026,Phone,9,26493,10,North,222212.32
01-04-2026,Phone,5,25576,20,North,105846.85
02-04-2026,Laptop,4,55327,15,South,185417.77
03-04-2026,Tablet,6,18714,10,North,100139.05
04-04-2026,Headphones,10,3683,15,East,31301.21
05-04-2026,Monitor,9,12458,0,South,113779.23
06-04-2026,Headphones,1,2823,0,North,2830.53
07-04-2026,Monitor,6,12605,15,West,64419.83
08-04-2026,Tablet,5,18199,10,South,84311.84
09-04-2026,Headphones,9,4094,0,West,36368.54
10-04-2026,Monitor,6,13203,0,South,83638.29
